"Concept"	"Feature"
"175"	"axe"	"a_tool"
"176"	"axe"	"a_weapon"
"177"	"axe"	"has_a_blade"
"178"	"axe"	"has_a_handle"
"179"	"axe"	"has_a_head"
"180"	"axe"	"has_a_metal_blade"
"181"	"axe"	"has_a_wooden_handle"
"182"	"axe"	"is_dangerous"
"183"	"axe"	"is_heavy"
"184"	"axe"	"is_sharp"
"185"	"axe"	"used_by_lumberjacks"
"186"	"axe"	"used_for_chopping"
"187"	"axe"	"used_for_chopping_wood"
"188"	"axe"	"used_for_cutting"
"189"	"axe"	"used_for_killing"
"190"	"axe"	"used_in_movies/Jason"
"279"	"barn"	"a_building"
"280"	"barn"	"found_in_the_country"
"281"	"barn"	"found_on_farms"
"282"	"barn"	"has_a_hay_loft"
"283"	"barn"	"has_doors"
"284"	"barn"	"has_stalls"
"285"	"barn"	"is_dirty"
"286"	"barn"	"is_large"
"287"	"barn"	"is_red"
"288"	"barn"	"is_smelly"
"289"	"barn"	"made_of_wood"
"290"	"barn"	"used_for_animals"
"291"	"barn"	"used_for_cows"
"292"	"barn"	"used_for_storage"
"293"	"barn"	"used_for_storing_farm_equipment"
"294"	"barn"	"used_for_storing_hay"
"295"	"barn"	"used_for_storing_tractors"
"389"	"bazooka"	"a_gun"
"390"	"bazooka"	"a_weapon"
"391"	"bazooka"	"inbeh_-_fires"
"392"	"bazooka"	"is_dangerous"
"393"	"bazooka"	"is_destructive"
"394"	"bazooka"	"is_large"
"395"	"bazooka"	"is_loud"
"396"	"bazooka"	"made_of_metal"
"397"	"bazooka"	"used_by_the_army"
"398"	"bazooka"	"used_for_killing"
"399"	"bazooka"	"used_for_war"
"400"	"beans"	"a_vegetable"
"401"	"beans"	"causes_gas"
"402"	"beans"	"eaten_by_baking"
"403"	"beans"	"eaten_by_cooking"
"404"	"beans"	"eg_-_kidney"
"405"	"beans"	"eg_-_lima"
"406"	"beans"	"grows_in_gardens"
"407"	"beans"	"has_pods"
"408"	"beans"	"has_protein"
"409"	"beans"	"is_brown"
"410"	"beans"	"is_edible"
"411"	"beans"	"is_green"
"412"	"beans"	"is_nutritious"
"413"	"beans"	"is_small"
"414"	"beans"	"is_yellow"
"497"	"beets"	"a_root"
"498"	"beets"	"a_vegetable"
"499"	"beets"	"beh_-_stains"
"500"	"beets"	"eaten_as_pickles"
"501"	"beets"	"eaten_in_borscht"
"502"	"beets"	"eaten_in_salads"
"503"	"beets"	"grows_in_gardens"
"504"	"beets"	"grows_in_the_ground"
"505"	"beets"	"grows_underground"
"506"	"beets"	"has_leaves"
"507"	"beets"	"is_edible"
"508"	"beets"	"is_juicy"
"509"	"beets"	"is_purple"
"510"	"beets"	"is_red"
"511"	"beets"	"is_round"
"512"	"belt"	"a_fashion_accessory"
"513"	"belt"	"clothing"
"514"	"belt"	"has_buckles"
"515"	"belt"	"has_holes"
"516"	"belt"	"is_decorative"
"517"	"belt"	"is_long"
"518"	"belt"	"is_thin"
"519"	"belt"	"made_of_leather"
"520"	"belt"	"made_of_material"
"521"	"belt"	"used_for_punishment"
"522"	"belt"	"worn_around_waist"
"523"	"belt"	"worn_for_holding_up_pants"
"524"	"belt"	"worn_through_pant_loops"
"711"	"bomb"	"a_weapon"
"712"	"bomb"	"dropped_from_airplanes"
"713"	"bomb"	"has_a_timer"
"714"	"bomb"	"inbeh_-_explodes"
"715"	"bomb"	"is_dangerous"
"716"	"bomb"	"is_destructive"
"717"	"bomb"	"is_frightening"
"718"	"bomb"	"is_lethal"
"719"	"bomb"	"is_loud"
"720"	"bomb"	"is_nuclear"
"721"	"bomb"	"used_at_Hiroshima"
"722"	"bomb"	"used_by_dropping"
"723"	"bomb"	"used_for_killing"
"724"	"bomb"	"used_for_terrorism"
"725"	"bomb"	"used_for_war"
"775"	"bottle"	"a_container"
"776"	"bottle"	"has_a_cork"
"777"	"bottle"	"has_a_lid"
"778"	"bottle"	"has_a_neck"
"779"	"bottle"	"is_breakable"
"780"	"bottle"	"is_green"
"781"	"bottle"	"is_recyclable"
"782"	"bottle"	"is_transparent"
"783"	"bottle"	"made_of_glass"
"784"	"bottle"	"made_of_plastic"
"785"	"bottle"	"used_for_drinking"
"786"	"bottle"	"used_for_holding_beer"
"787"	"bottle"	"used_for_holding_liquids"
"788"	"bottle"	"used_for_holding_things"
"789"	"bottle"	"used_for_holding_wine"
"847"	"bra"	"an_undergarment"
"848"	"bra"	"clothing"
"849"	"bra"	"different_colours"
"850"	"bra"	"different_sizes"
"851"	"bra"	"has_clasps"
"852"	"bra"	"has_cups"
"853"	"bra"	"has_hooks"
"854"	"bra"	"has_no_straps"
"855"	"bra"	"has_straps"
"856"	"bra"	"has_wires"
"857"	"bra"	"is_black"
"858"	"bra"	"is_lacy"
"859"	"bra"	"is_sexy"
"860"	"bra"	"is_uncomfortable"
"861"	"bra"	"is_white"
"862"	"bra"	"made_of_cotton"
"863"	"bra"	"made_of_material"
"864"	"bra"	"worn_by_women"
"865"	"bra"	"worn_for_support"
"866"	"bra"	"worn_for_supporting_breasts"
"972"	"budgie"	"a_bird"
"973"	"budgie"	"a_pet"
"974"	"budgie"	"beh_-_chirps"
"975"	"budgie"	"beh_-_eats"
"976"	"budgie"	"beh_-_eats_seeds"
"977"	"budgie"	"beh_-_flies"
"978"	"budgie"	"beh_-_sings"
"979"	"budgie"	"beh_-_talks"
"980"	"budgie"	"different_colours"
"981"	"budgie"	"has_a_beak"
"982"	"budgie"	"has_feathers"
"983"	"budgie"	"is_blue"
"984"	"budgie"	"is_colourful"
"985"	"budgie"	"is_green"
"986"	"budgie"	"is_loud"
"987"	"budgie"	"is_small"
"988"	"budgie"	"lives_in_cages"
"1078"	"bus"	"a_vehicle"
"1079"	"bus"	"has_an_engine"
"1080"	"bus"	"has_doors"
"1081"	"bus"	"has_many_seats"
"1082"	"bus"	"has_seats"
"1083"	"bus"	"has_wheels"
"1084"	"bus"	"has_windows"
"1085"	"bus"	"is_crowded"
"1086"	"bus"	"is_large"
"1087"	"bus"	"is_loud"
"1088"	"bus"	"is_yellow"
"1089"	"bus"	"requires_a_fare"
"1090"	"bus"	"requires_drivers"
"1091"	"bus"	"used_by_schools"
"1092"	"bus"	"used_for_passengers"
"1093"	"bus"	"used_for_public_transportation"
"1094"	"bus"	"used_for_transportation"
"1219"	"camisole"	"a_lingerie"
"1220"	"camisole"	"an_undergarment"
"1221"	"camisole"	"clothing"
"1222"	"camisole"	"has_lace"
"1223"	"camisole"	"has_no_sleeves"
"1224"	"camisole"	"has_straps"
"1225"	"camisole"	"has_thin/spaghetti_straps"
"1226"	"camisole"	"is_comfortable"
"1227"	"camisole"	"is_lacy"
"1228"	"camisole"	"is_sexy"
"1229"	"camisole"	"is_soft"
"1230"	"camisole"	"is_white"
"1231"	"camisole"	"made_of_cotton"
"1232"	"camisole"	"made_of_material"
"1233"	"camisole"	"made_of_silk"
"1234"	"camisole"	"worn_by_women"
"1235"	"camisole"	"worn_on_torso"
"1236"	"camisole"	"worn_under_shirts"
"1237"	"canary"	"a_bird"
"1238"	"canary"	"a_pet"
"1239"	"canary"	"beh_-_chirps"
"1240"	"canary"	"beh_-_eats"
"1241"	"canary"	"beh_-_eats_seeds"
"1242"	"canary"	"beh_-_flies"
"1243"	"canary"	"beh_-_sings"
"1244"	"canary"	"has_2_legs"
"1245"	"canary"	"has_a_beak"
"1246"	"canary"	"has_feathers"
"1247"	"canary"	"has_legs"
"1248"	"canary"	"has_wings"
"1249"	"canary"	"is_small"
"1250"	"canary"	"is_yellow"
"1251"	"canary"	"lives_in_cages"
"1266"	"cannon"	"a_weapon"
"1267"	"cannon"	"has_a_barrel"
"1268"	"cannon"	"has_wheels"
"1269"	"cannon"	"inbeh_-_fires"
"1270"	"cannon"	"inbeh_-_fires_cannon_balls"
"1271"	"cannon"	"is_black"
"1272"	"cannon"	"is_heavy"
"1273"	"cannon"	"is_large"
"1274"	"cannon"	"is_loud"
"1275"	"cannon"	"is_powerful"
"1276"	"cannon"	"made_of_iron"
"1277"	"cannon"	"made_of_metal"
"1278"	"cannon"	"requires_gunpowder"
"1279"	"cannon"	"used_a_while_ago"
"1280"	"cannon"	"used_for_war"
"1281"	"cannon"	"used_in_circuses"
"1282"	"cannon"	"used_on_ships"
"1283"	"canoe"	"a_boat"
"1284"	"canoe"	"has_paddles/is_paddled"
"1285"	"canoe"	"inbeh_-_floats"
"1286"	"canoe"	"inbeh_-_tips"
"1287"	"canoe"	"is_long"
"1288"	"canoe"	"is_thin"
"1289"	"canoe"	"made_of_birch_bark"
"1290"	"canoe"	"made_of_fibreglass"
"1291"	"canoe"	"made_of_wood"
"1292"	"canoe"	"used_by_1_2_or_3_people"
"1293"	"canoe"	"used_by_2_people"
"1294"	"canoe"	"used_by_Indians"
"1295"	"canoe"	"used_by_portaging"
"1296"	"canoe"	"used_for_camping"
"1297"	"canoe"	"used_for_transportation"
"1298"	"canoe"	"used_on_lakes"
"1299"	"canoe"	"used_on_rivers"
"1300"	"canoe"	"used_on_water"
"1377"	"caribou"	"a_herbivore"
"1378"	"caribou"	"a_mammal"
"1379"	"caribou"	"an_animal"
"1380"	"caribou"	"beh_-_migrates"
"1381"	"caribou"	"beh_-_travels_in_herds"
"1382"	"caribou"	"has_4_legs"
"1383"	"caribou"	"has_antlers"
"1384"	"caribou"	"has_fur"
"1385"	"caribou"	"has_horns"
"1386"	"caribou"	"has_legs"
"1387"	"caribou"	"hunted_by_Eskimos"
"1388"	"caribou"	"hunted_by_people"
"1389"	"caribou"	"is_brown"
"1390"	"caribou"	"is_fast"
"1391"	"caribou"	"is_large"
"1392"	"caribou"	"lives_in_north"
"1393"	"caribou"	"lives_in_wilderness"
"1394"	"caribou"	"lives_in_woods"
"1395"	"carpet"	"different_colours"
"1396"	"carpet"	"found_in_houses"
"1397"	"carpet"	"found_on_floors"
"1398"	"carpet"	"is_colourful"
"1399"	"carpet"	"is_cozy"
"1400"	"carpet"	"is_decorative"
"1401"	"carpet"	"is_dirty"
"1402"	"carpet"	"is_plush"
"1403"	"carpet"	"is_shag"
"1404"	"carpet"	"is_soft"
"1405"	"carpet"	"is_thick"
"1406"	"carpet"	"is_wall_to_wall"
"1407"	"carpet"	"made_of_wool"
"1408"	"carpet"	"requires_vacuuming"
"1409"	"carpet"	"used_for_covering_floors"
"1410"	"carpet"	"used_for_walking_on"
"1411"	"carpet"	"used_for_warmth"
"1430"	"cart"	"has_2_wheels"
"1431"	"cart"	"has_4_wheels"
"1432"	"cart"	"has_wheels"
"1433"	"cart"	"is_large"
"1434"	"cart"	"made_of_metal"
"1435"	"cart"	"made_of_wood"
"1436"	"cart"	"used_by_pulling"
"1437"	"cart"	"used_by_pulling_by_horses"
"1438"	"cart"	"used_by_pushing"
"1439"	"cart"	"used_for_cargo"
"1440"	"cart"	"used_for_shopping"
"1461"	"catapult"	"a_weapon"
"1462"	"catapult"	"has_wheels"
"1463"	"catapult"	"is_large"
"1464"	"catapult"	"is_medieval"
"1465"	"catapult"	"made_of_wood"
"1466"	"catapult"	"used_for_launching_objects"
"1467"	"catapult"	"used_for_throwing"
"1468"	"catapult"	"used_for_throwing_stones"
"1469"	"catapult"	"used_for_war"
"1609"	"chandelier"	"a_light_fixture"
"1610"	"chandelier"	"found_in_ballrooms"
"1611"	"chandelier"	"found_in_dining_rooms"
"1612"	"chandelier"	"has_candles"
"1613"	"chandelier"	"has_lightbulbs"
"1614"	"chandelier"	"is_electrical"
"1615"	"chandelier"	"is_expensive"
"1616"	"chandelier"	"is_heavy"
"1617"	"chandelier"	"is_shiny"
"1618"	"chandelier"	"is_sparkly"
"1619"	"chandelier"	"made_of_crystal"
"1620"	"chandelier"	"made_of_glass"
"1621"	"chandelier"	"used_by_hanging"
"1622"	"chandelier"	"used_by_hanging_from_ceilings"
"1623"	"chandelier"	"used_for_making_light"
"1694"	"chicken"	"a_bird"
"1695"	"chicken"	"an_animal"
"1696"	"chicken"	"beh_-_cannot_fly"
"1697"	"chicken"	"beh_-_clucks"
"1698"	"chicken"	"beh_-_eats"
"1699"	"chicken"	"beh_-_eats_grain"
"1700"	"chicken"	"beh_-_flies"
"1701"	"chicken"	"beh_-_lays_eggs"
"1702"	"chicken"	"beh_-_pecks"
"1703"	"chicken"	"eaten_by_frying"
"1704"	"chicken"	"has_a_beak"
"1705"	"chicken"	"has_feathers"
"1706"	"chicken"	"has_legs"
"1707"	"chicken"	"has_wings"
"1708"	"chicken"	"is_domestic"
"1709"	"chicken"	"is_edible"
"1710"	"chicken"	"is_loud"
"1711"	"chicken"	"is_stupid"
"1712"	"chicken"	"lives_in_coops"
"1713"	"chicken"	"lives_on_farms"
"1847"	"closet"	"a_space"
"1848"	"closet"	"found_in_bedrooms"
"1849"	"closet"	"found_in_hallways"
"1850"	"closet"	"has_doors"
"1851"	"closet"	"has_hangers"
"1852"	"closet"	"has_hanging_bars"
"1853"	"closet"	"has_shelves"
"1854"	"closet"	"is_dark"
"1855"	"closet"	"is_messy"
"1856"	"closet"	"is_small"
"1857"	"closet"	"used_for_storage"
"1858"	"closet"	"used_for_storing_clothing"
"1859"	"closet"	"used_for_storing_shoes"
"1893"	"coconut"	"a_fruit"
"1894"	"coconut"	"eaten_as_meat"
"1895"	"coconut"	"grows_in_warm_climates"
"1896"	"coconut"	"grows_on_palm_trees"
"1897"	"coconut"	"grows_on_trees"
"1898"	"coconut"	"has_a_brown_outside"
"1899"	"coconut"	"has_a_hard_shell"
"1900"	"coconut"	"has_a_shell"
"1901"	"coconut"	"has_an_inside"
"1902"	"coconut"	"has_an_outside"
"1903"	"coconut"	"has_hair"
"1904"	"coconut"	"has_milk"
"1905"	"coconut"	"is_brown"
"1906"	"coconut"	"is_edible"
"1907"	"coconut"	"is_hard"
"1908"	"coconut"	"is_round"
"1909"	"coconut"	"is_tropical"
"1910"	"coconut"	"is_white"
"1911"	"coconut"	"is_white_inside"
"1912"	"coconut"	"tastes_good"
"1913"	"coconut"	"tastes_sweet"
"2118"	"crayon"	"comes_in_boxes"
"2119"	"crayon"	"different_colours"
"2120"	"crayon"	"is_breakable"
"2121"	"crayon"	"is_colourful"
"2122"	"crayon"	"is_meltable"
"2123"	"crayon"	"made_by_Crayola"
"2124"	"crayon"	"made_of_wax"
"2125"	"crayon"	"used_by_children"
"2126"	"crayon"	"used_for_colouring"
"2127"	"crayon"	"used_for_colouring_books"
"2128"	"crayon"	"used_for_drawing"
"2129"	"crayon"	"used_for_drawing_pictures"
"2130"	"crayon"	"used_for_writing"
"2255"	"cushion"	"a_pillow"
"2256"	"cushion"	"different_colours"
"2257"	"cushion"	"found_on_beds"
"2258"	"cushion"	"found_on_chairs"
"2259"	"cushion"	"found_on_couches"
"2260"	"cushion"	"has_feather_filling"
"2261"	"cushion"	"has_filling"
"2262"	"cushion"	"has_foam_filling"
"2263"	"cushion"	"is_comfortable"
"2264"	"cushion"	"is_round"
"2265"	"cushion"	"is_small"
"2266"	"cushion"	"is_soft"
"2267"	"cushion"	"is_square"
"2268"	"cushion"	"used_by_sitting_on"
"2269"	"cushion"	"used_for_resting_head"
"2270"	"cushion"	"used_for_sleeping"
"2387"	"dolphin"	"a_fish"
"2388"	"dolphin"	"a_mammal"
"2389"	"dolphin"	"an_animal"
"2390"	"dolphin"	"beh_-_communicates"
"2391"	"dolphin"	"beh_-_does_tricks"
"2392"	"dolphin"	"beh_-_eats"
"2393"	"dolphin"	"beh_-_eats_fish"
"2394"	"dolphin"	"beh_-_jumps"
"2395"	"dolphin"	"beh_-_makes_noises"
"2396"	"dolphin"	"beh_-_swims"
"2397"	"dolphin"	"beh_-_swims_fast"
"2398"	"dolphin"	"has_fins"
"2399"	"dolphin"	"is_caught_in_nets"
"2400"	"dolphin"	"is_cute"
"2401"	"dolphin"	"is_friendly"
"2402"	"dolphin"	"is_grey"
"2403"	"dolphin"	"is_intelligent"
"2404"	"dolphin"	"is_sleek"
"2405"	"dolphin"	"is_smooth"
"2406"	"dolphin"	"is_trainable"
"2407"	"dolphin"	"lives_in_oceans"
"2408"	"dolphin"	"lives_in_seas"
"2409"	"dolphin"	"lives_in_water"
"2496"	"dresser"	"found_in_bedrooms"
"2497"	"dresser"	"furniture"
"2498"	"dresser"	"has_drawers"
"2499"	"dresser"	"has_handles"
"2500"	"dresser"	"has_mirrors"
"2501"	"dresser"	"is_heavy"
"2502"	"dresser"	"is_large"
"2503"	"dresser"	"is_rectangular"
"2504"	"dresser"	"made_of_wood"
"2505"	"dresser"	"used_for_storage"
"2506"	"dresser"	"used_for_storing_clothing"
"2531"	"duck"	"a_bird"
"2532"	"duck"	"an_animal"
"2533"	"duck"	"beh_-_eats"
"2534"	"duck"	"beh_-_flies"
"2535"	"duck"	"beh_-_lays_eggs"
"2536"	"duck"	"beh_-_migrates"
"2537"	"duck"	"beh_-_quacks"
"2538"	"duck"	"beh_-_swims"
"2539"	"duck"	"beh_-_waddles"
"2540"	"duck"	"eg_-_mallard"
"2541"	"duck"	"has_a_beak"
"2542"	"duck"	"has_a_bill"
"2543"	"duck"	"has_feathers"
"2544"	"duck"	"has_feet"
"2545"	"duck"	"has_webbed_feet"
"2546"	"duck"	"has_wings"
"2547"	"duck"	"hunted_by_people"
"2548"	"duck"	"is_edible"
"2549"	"duck"	"lives_in_ponds"
"2550"	"duck"	"lives_on_water"
"2551"	"dunebuggy"	"a_car"
"2552"	"dunebuggy"	"a_vehicle"
"2553"	"dunebuggy"	"has_4_wheels"
"2554"	"dunebuggy"	"has_an_engine"
"2555"	"dunebuggy"	"has_large_wheels"
"2556"	"dunebuggy"	"has_no_roof"
"2557"	"dunebuggy"	"has_roll_bars"
"2558"	"dunebuggy"	"has_wheels"
"2559"	"dunebuggy"	"is_fast"
"2560"	"dunebuggy"	"is_fun"
"2561"	"dunebuggy"	"is_loud"
"2562"	"dunebuggy"	"used_for_transportation"
"2563"	"dunebuggy"	"used_in_deserts"
"2564"	"dunebuggy"	"used_on_beaches"
"2565"	"dunebuggy"	"used_on_sand"
"2566"	"eagle"	"a_bird"
"2567"	"eagle"	"a_carnivore"
"2568"	"eagle"	"a_predator"
"2569"	"eagle"	"beh_-_builds_nests"
"2570"	"eagle"	"beh_-_eats"
"2571"	"eagle"	"beh_-_flies"
"2572"	"eagle"	"beh_-_lays_eggs"
"2573"	"eagle"	"has_a_beak"
"2574"	"eagle"	"has_claws"
"2575"	"eagle"	"has_feathers"
"2576"	"eagle"	"has_wings"
"2577"	"eagle"	"is_bald"
"2578"	"eagle"	"is_endangered"
"2579"	"eagle"	"is_large"
"2580"	"eagle"	"lives_in_mountains"
"2581"	"eagle"	"symbol_of_freedom"
"2582"	"eagle"	"symbol_of_U.S."
"2790"	"finch"	"a_bird"
"2791"	"finch"	"beh_-_builds_nests"
"2792"	"finch"	"beh_-_eats"
"2793"	"finch"	"beh_-_flies"
"2794"	"finch"	"beh_-_sings"
"2795"	"finch"	"has_a_beak"
"2796"	"finch"	"has_feathers"
"2797"	"finch"	"has_wings"
"2798"	"finch"	"is_small"
"2799"	"finch"	"is_yellow"
"3047"	"goose"	"a_bird"
"3048"	"goose"	"an_animal"
"3049"	"goose"	"beh_-_flies"
"3050"	"goose"	"beh_-_honks"
"3051"	"goose"	"beh_-_lays_eggs"
"3052"	"goose"	"beh_-_migrates"
"3053"	"goose"	"has_a_beak"
"3054"	"goose"	"has_feathers"
"3055"	"goose"	"has_feet"
"3056"	"goose"	"has_webbed_feet"
"3057"	"goose"	"has_wings"
"3058"	"goose"	"is_edible"
"3059"	"goose"	"is_large"
"3060"	"goose"	"is_white"
"3061"	"goose"	"lives_in_Canada"
"3312"	"hawk"	"a_bird"
"3313"	"hawk"	"a_predator"
"3314"	"hawk"	"beh_-_eats_mice"
"3315"	"hawk"	"beh_-_eats_rodents"
"3316"	"hawk"	"beh_-_flies"
"3317"	"hawk"	"beh_-_sees_well"
"3318"	"hawk"	"beh_-_soars"
"3319"	"hawk"	"has_a_beak"
"3320"	"hawk"	"has_claws"
"3321"	"hawk"	"has_eyes"
"3322"	"hawk"	"has_feathers"
"3323"	"hawk"	"has_wings"
"3324"	"hawk"	"is_large"
"3347"	"hoe"	"a_tool"
"3348"	"hoe"	"has_a_blade"
"3349"	"hoe"	"has_a_handle"
"3350"	"hoe"	"has_a_long_handle"
"3351"	"hoe"	"has_a_metal_blade"
"3352"	"hoe"	"has_a_wooden_handle"
"3353"	"hoe"	"has_an_end"
"3354"	"hoe"	"is_long"
"3355"	"hoe"	"made_of_metal"
"3356"	"hoe"	"used_for_aerating_soil"
"3357"	"hoe"	"used_for_digging"
"3358"	"hoe"	"used_for_farming"
"3359"	"hoe"	"used_for_gardening"
"3360"	"hoe"	"used_for_tilling_soil"
"3361"	"hoe"	"used_for_weeding"
"3538"	"jar"	"a_container"
"3539"	"jar"	"has_a_label"
"3540"	"jar"	"has_a_lid"
"3541"	"jar"	"has_a_screw_on_lid"
"3542"	"jar"	"is_breakable"
"3543"	"jar"	"is_transparent"
"3544"	"jar"	"made_of_glass"
"3545"	"jar"	"made_of_plastic"
"3546"	"jar"	"used_for_holding_food"
"3547"	"jar"	"used_for_holding_jam"
"3548"	"jar"	"used_for_holding_things"
"3549"	"jar"	"used_for_preserves"
"3564"	"jeep"	"a_car"
"3565"	"jeep"	"a_vehicle"
"3566"	"jeep"	"has_4_wheels"
"3567"	"jeep"	"has_a_roof"
"3568"	"jeep"	"has_four-wheel_drive"
"3569"	"jeep"	"has_wheels"
"3570"	"jeep"	"is_convertible"
"3571"	"jeep"	"is_green"
"3572"	"jeep"	"is_high_off_ground"
"3573"	"jeep"	"is_open"
"3574"	"jeep"	"used_by_the_army"
"3575"	"jeep"	"used_for_off_roading"
"3576"	"jeep"	"used_for_rugged_terrain"
"3577"	"jeep"	"used_in_summer"
"3690"	"lamp"	"found_on_floors"
"3691"	"lamp"	"found_on_tables"
"3692"	"lamp"	"furniture"
"3693"	"lamp"	"has_a_cord"
"3694"	"lamp"	"has_a_shade"
"3695"	"lamp"	"has_a_switch"
"3696"	"lamp"	"has_lightbulbs"
"3697"	"lamp"	"inbeh_-_produces_heat"
"3698"	"lamp"	"is_bright"
"3699"	"lamp"	"is_electrical"
"3700"	"lamp"	"requires_oil"
"3701"	"lamp"	"used_by_hanging"
"3702"	"lamp"	"used_by_hanging_from_ceilings"
"3703"	"lamp"	"used_for_making_light"
"3910"	"mat"	"a_rug"
"3911"	"mat"	"found_by_doors"
"3912"	"mat"	"found_in_bathrooms"
"3913"	"mat"	"found_in_cars"
"3914"	"mat"	"found_on_floors"
"3915"	"mat"	"is_small"
"3916"	"mat"	"made_of_material"
"3917"	"mat"	"made_of_rubber"
"3918"	"mat"	"used_for_covering_floors"
"3919"	"mat"	"used_for_protecting_things"
"3920"	"mat"	"used_for_welcoming"
"3921"	"mat"	"used_for_wiping_feet"
"3922"	"mat"	"used_for_wiping_shoes"
"3958"	"microwave"	"an_appliance"
"3959"	"microwave"	"an_oven"
"3960"	"microwave"	"found_in_kitchens"
"3961"	"microwave"	"has_a_finish_signal"
"3962"	"microwave"	"has_a_turntable"
"3963"	"microwave"	"has_doors"
"3964"	"microwave"	"inbeh_-_produces_radiation"
"3965"	"microwave"	"is_box_shaped"
"3966"	"microwave"	"is_convenient"
"3967"	"microwave"	"is_electrical"
"3968"	"microwave"	"is_fast"
"3969"	"microwave"	"is_modern"
"3970"	"microwave"	"used_for_cooking"
"3971"	"microwave"	"used_for_cooking_fast"
"3972"	"microwave"	"used_for_heating_food"
"3973"	"microwave"	"uses_radiation"
"4024"	"missile"	"a_weapon"
"4025"	"missile"	"beh_-_flies"
"4026"	"missile"	"has_warheads"
"4027"	"missile"	"inbeh_-_explodes"
"4028"	"missile"	"is_dangerous"
"4029"	"missile"	"is_destructive"
"4030"	"missile"	"is_expensive"
"4031"	"missile"	"is_fast"
"4032"	"missile"	"is_launched"
"4033"	"missile"	"is_long"
"4034"	"missile"	"is_long_range"
"4035"	"missile"	"is_nuclear"
"4036"	"missile"	"launched_from_airplanes"
"4037"	"missile"	"made_of_metal"
"4038"	"missile"	"used_by_the_army"
"4039"	"missile"	"used_for_killing"
"4040"	"missile"	"used_for_war"
"4079"	"moose"	"a_herbivore"
"4080"	"moose"	"a_mammal"
"4081"	"moose"	"an_animal"
"4082"	"moose"	"eaten_as_meat"
"4083"	"moose"	"has_4_legs"
"4084"	"moose"	"has_antlers"
"4085"	"moose"	"has_fur"
"4086"	"moose"	"has_hair"
"4087"	"moose"	"has_hooves"
"4088"	"moose"	"has_legs"
"4089"	"moose"	"hunted_by_people"
"4090"	"moose"	"is_brown"
"4091"	"moose"	"is_large"
"4092"	"moose"	"lives_in_wilderness"
"4093"	"moose"	"lives_in_woods"
"4102"	"motorcycle"	"a_vehicle"
"4103"	"motorcycle"	"has_2_wheels"
"4104"	"motorcycle"	"has_an_engine"
"4105"	"motorcycle"	"has_wheels"
"4106"	"motorcycle"	"is_dangerous"
"4107"	"motorcycle"	"is_fast"
"4108"	"motorcycle"	"is_fun"
"4109"	"motorcycle"	"is_loud"
"4110"	"motorcycle"	"made_by_Harley_Davidson"
"4111"	"motorcycle"	"requires_gasoline"
"4112"	"motorcycle"	"used_by_1_or_2_people"
"4113"	"motorcycle"	"used_by_2_people"
"4114"	"motorcycle"	"used_by_Hell's_Angels"
"4115"	"motorcycle"	"used_for_transportation"
"4116"	"motorcycle"	"used_with_helmets"
"4117"	"motorcycle"	"used_with_leather"
"4481"	"parakeet"	"a_bird"
"4482"	"parakeet"	"a_pet"
"4483"	"parakeet"	"beh_-_chirps"
"4484"	"parakeet"	"beh_-_eats"
"4485"	"parakeet"	"beh_-_eats_seeds"
"4486"	"parakeet"	"beh_-_flies"
"4487"	"parakeet"	"beh_-_sings"
"4488"	"parakeet"	"beh_-_talks"
"4489"	"parakeet"	"has_a_beak"
"4490"	"parakeet"	"has_feathers"
"4491"	"parakeet"	"has_wings"
"4492"	"parakeet"	"is_colourful"
"4493"	"parakeet"	"is_loud"
"4494"	"parakeet"	"is_small"
"4495"	"parakeet"	"is_tropical"
"4496"	"parakeet"	"lives_in_cages"
"4586"	"peas"	"a_vegetable"
"4587"	"peas"	"comes_frozen"
"4588"	"peas"	"eaten_by_cooking"
"4589"	"peas"	"eaten_in_soups"
"4590"	"peas"	"grows_in_pods"
"4591"	"peas"	"is_edible"
"4592"	"peas"	"is_green"
"4593"	"peas"	"is_nutritious"
"4594"	"peas"	"is_round"
"4595"	"peas"	"is_small"
"4596"	"peas"	"is_yellow"
"4597"	"peas"	"tastes_good"
"4635"	"pencil"	"a_utensil"
"4636"	"pencil"	"has_an_eraser"
"4637"	"pencil"	"has_an_eraser_on_end"
"4638"	"pencil"	"is_erasable"
"4639"	"pencil"	"is_long"
"4640"	"pencil"	"is_mechanical"
"4641"	"pencil"	"is_sharpened"
"4642"	"pencil"	"is_thin"
"4643"	"pencil"	"is_yellow"
"4644"	"pencil"	"made_of_graphite"
"4645"	"pencil"	"made_of_lead"
"4646"	"pencil"	"made_of_wood"
"4647"	"pencil"	"used_at_school"
"4648"	"pencil"	"used_for_drawing"
"4649"	"pencil"	"used_for_math"
"4650"	"pencil"	"used_for_writing"
"4796"	"pillow"	"found_on_beds"
"4797"	"pillow"	"has_a_pillow_case"
"4798"	"pillow"	"has_feather_filling"
"4799"	"pillow"	"has_filling"
"4800"	"pillow"	"has_foam_filling"
"4801"	"pillow"	"is_comfortable"
"4802"	"pillow"	"is_decorative"
"4803"	"pillow"	"is_fuzzy/fluffy"
"4804"	"pillow"	"is_soft"
"4805"	"pillow"	"is_white"
"4806"	"pillow"	"used_for_pillow_fights"
"4807"	"pillow"	"used_for_resting_head"
"4808"	"pillow"	"used_for_sleeping"
"4830"	"pineapple"	"a_fruit"
"4831"	"pineapple"	"grows_in_Hawaii"
"4832"	"pineapple"	"grows_in_warm_climates"
"4833"	"pineapple"	"grows_on_trees"
"4834"	"pineapple"	"has_a_core"
"4835"	"pineapple"	"has_an_inside"
"4836"	"pineapple"	"has_an_outside"
"4837"	"pineapple"	"has_green_leaves"
"4838"	"pineapple"	"has_leaves"
"4839"	"pineapple"	"has_skin"
"4840"	"pineapple"	"is_juicy"
"4841"	"pineapple"	"is_prickly"
"4842"	"pineapple"	"is_tropical"
"4843"	"pineapple"	"is_yellow"
"4844"	"pineapple"	"is_yellow_inside"
"4845"	"pineapple"	"tastes_sweet"
"4846"	"pineapple"	"used_for_juice"
"4866"	"pistol"	"a_gun"
"4867"	"pistol"	"a_weapon"
"4868"	"pistol"	"has_a_trigger"
"4869"	"pistol"	"inbeh_-_fires"
"4870"	"pistol"	"inbeh_-_fires_bullets"
"4871"	"pistol"	"is_dangerous"
"4872"	"pistol"	"is_hand_held"
"4873"	"pistol"	"is_heavy"
"4874"	"pistol"	"is_lethal"
"4875"	"pistol"	"is_loud"
"4876"	"pistol"	"is_small"
"4877"	"pistol"	"made_of_metal"
"4878"	"pistol"	"requires_a_license"
"4879"	"pistol"	"used_by_the_police"
"4880"	"pistol"	"used_for_crimes"
"4881"	"pistol"	"used_for_killing"
"4882"	"pistol"	"used_for_protection"
"4883"	"pistol"	"used_for_shooting"
"4884"	"pistol"	"used_for_wounding"
"4938"	"plum"	"a_fruit"
"4939"	"plum"	"eaten_as_prunes_(dried)"
"4940"	"plum"	"eaten_in_jams"
"4941"	"plum"	"grows_on_trees"
"4942"	"plum"	"has_a_pit"
"4943"	"plum"	"has_an_inside"
"4944"	"plum"	"has_skin"
"4945"	"plum"	"is_edible"
"4946"	"plum"	"is_juicy"
"4947"	"plum"	"is_purple"
"4948"	"plum"	"is_red"
"4949"	"plum"	"is_round"
"4950"	"plum"	"is_small"
"4951"	"plum"	"tastes_good"
"4952"	"plum"	"tastes_sweet"
"5016"	"prune"	"a_fruit"
"5017"	"prune"	"eaten_by_old_people"
"5018"	"prune"	"eaten_for_constipation"
"5019"	"prune"	"eaten_for_helping_digestion"
"5020"	"prune"	"grows_on_trees"
"5021"	"prune"	"has_a_pit"
"5022"	"prune"	"has_seeds"
"5023"	"prune"	"has_skin"
"5024"	"prune"	"is_dark"
"5025"	"prune"	"is_dried"
"5026"	"prune"	"is_juicy"
"5027"	"prune"	"is_purple"
"5028"	"prune"	"is_small"
"5029"	"prune"	"is_wrinkled"
"5030"	"prune"	"made_from_dried_plums"
"5031"	"prune"	"made_from_plums"
"5032"	"prune"	"tastes_sweet"
"5033"	"prune"	"used_for_juice"
"5034"	"pumpkin"	"a_fruit"
"5035"	"pumpkin"	"a_vegetable"
"5036"	"pumpkin"	"eaten_in_pies"
"5037"	"pumpkin"	"grows_on_vines"
"5038"	"pumpkin"	"has_seeds"
"5039"	"pumpkin"	"is_large"
"5040"	"pumpkin"	"is_orange"
"5041"	"pumpkin"	"is_round"
"5042"	"pumpkin"	"used_at_Hallowe'en"
"5043"	"pumpkin"	"used_by_carving"
"5044"	"pumpkin"	"used_for_Jack_O'Lanterns"
"5045"	"pumpkin"	"used_in_autumn"
"5131"	"radish"	"a_root"
"5132"	"radish"	"a_vegetable"
"5133"	"radish"	"eaten_in_salads"
"5134"	"radish"	"grows_in_gardens"
"5135"	"radish"	"grows_underground"
"5136"	"radish"	"has_a_red_outside"
"5137"	"radish"	"has_an_inside"
"5138"	"radish"	"has_an_outside"
"5139"	"radish"	"has_green_leaves"
"5140"	"radish"	"has_leaves"
"5141"	"radish"	"is_crunchy"
"5142"	"radish"	"is_red"
"5143"	"radish"	"is_round"
"5144"	"radish"	"is_small"
"5145"	"radish"	"is_white_inside"
"5146"	"radish"	"tastes_hot/spicy"
"5147"	"raft"	"a_boat"
"5148"	"raft"	"inbeh_-_floats"
"5149"	"raft"	"is_square"
"5150"	"raft"	"is_tied_together_with_rope"
"5151"	"raft"	"made_of_logs"
"5152"	"raft"	"made_of_plastic"
"5153"	"raft"	"made_of_rubber"
"5154"	"raft"	"made_of_wood"
"5155"	"raft"	"used_by_Tom_Sawyer"
"5156"	"raft"	"used_for_riding_rapids"
"5157"	"raft"	"used_for_transportation"
"5158"	"raft"	"used_on_water"
"5159"	"raft"	"used_with_paddles"
"5160"	"raft"	"used_with_poles"
"5308"	"rifle"	"a_gun"
"5309"	"rifle"	"a_weapon"
"5310"	"rifle"	"has_a_barrel"
"5311"	"rifle"	"has_a_handle"
"5312"	"rifle"	"has_a_long_barrel"
"5313"	"rifle"	"has_a_trigger"
"5314"	"rifle"	"inbeh_-_fires"
"5315"	"rifle"	"inbeh_-_fires_bullets"
"5316"	"rifle"	"is_dangerous"
"5317"	"rifle"	"is_heavy"
"5318"	"rifle"	"is_lethal"
"5319"	"rifle"	"is_long"
"5320"	"rifle"	"is_loud"
"5321"	"rifle"	"made_of_metal"
"5322"	"rifle"	"used_for_hunting"
"5323"	"rifle"	"used_for_killing"
"5324"	"rifle"	"used_for_shooting"
"5325"	"rifle"	"used_for_war"
"5504"	"sandals"	"a_footwear"
"5505"	"sandals"	"a_shoe"
"5506"	"sandals"	"has_soles"
"5507"	"sandals"	"has_straps"
"5508"	"sandals"	"is_brown"
"5509"	"sandals"	"is_comfortable"
"5510"	"sandals"	"is_open"
"5511"	"sandals"	"made_of_leather"
"5512"	"sandals"	"made_of_plastic"
"5513"	"sandals"	"worn_at_beaches"
"5514"	"sandals"	"worn_by_Jesus_Christ"
"5515"	"sandals"	"worn_for_exposing_feet"
"5516"	"sandals"	"worn_for_walking"
"5517"	"sandals"	"worn_for_walking_in_sand"
"5518"	"sandals"	"worn_in_hot_weather"
"5519"	"sandals"	"worn_in_summer"
"5520"	"sandals"	"worn_on_feet"
"5521"	"sandpaper"	"bought/sold_in_hardware_stores"
"5522"	"sandpaper"	"found_in_workshops"
"5523"	"sandpaper"	"has_a_sheet"
"5524"	"sandpaper"	"has_different_sizes_of_grains/textures"
"5525"	"sandpaper"	"has_fine_sand_covering_it"
"5526"	"sandpaper"	"is_brown"
"5527"	"sandpaper"	"is_gritty"
"5528"	"sandpaper"	"is_rough"
"5529"	"sandpaper"	"made_of_sand"
"5530"	"sandpaper"	"used_for_carpentry"
"5531"	"sandpaper"	"used_for_smoothing"
"5532"	"sandpaper"	"used_for_smoothing_wood"
"5595"	"scooter"	"a_vehicle"
"5596"	"scooter"	"has_2_wheels"
"5597"	"scooter"	"has_an_engine"
"5598"	"scooter"	"has_handle_bars"
"5599"	"scooter"	"has_wheels"
"5600"	"scooter"	"is_fast"
"5601"	"scooter"	"is_slow"
"5602"	"scooter"	"is_small"
"5603"	"scooter"	"made_of_metal"
"5604"	"scooter"	"used_by_children"
"5605"	"scooter"	"used_by_pushing"
"5606"	"scooter"	"used_for_transportation"
"5607"	"scooter"	"used_with_helmets"
"5711"	"shed"	"a_building"
"5712"	"shed"	"found_in_back_yards"
"5713"	"shed"	"found_outdoors"
"5714"	"shed"	"has_a_roof"
"5715"	"shed"	"has_doors"
"5716"	"shed"	"is_small"
"5717"	"shed"	"made_of_metal"
"5718"	"shed"	"made_of_wood"
"5719"	"shed"	"used_for_storage"
"5720"	"shed"	"used_for_storing_bicycles"
"5721"	"shed"	"used_for_storing_lawnmowers"
"5722"	"shed"	"used_for_storing_tools"
"5773"	"ship"	"has_decks"
"5774"	"ship"	"has_sails"
"5775"	"ship"	"inbeh_-_floats"
"5776"	"ship"	"is_large"
"5777"	"ship"	"is_sinkable"
"5778"	"ship"	"made_of_wood"
"5779"	"ship"	"requires_captains"
"5780"	"ship"	"requires_crews"
"5781"	"ship"	"used_for_cargo"
"5782"	"ship"	"used_for_cruising"
"5783"	"ship"	"used_for_passengers"
"5784"	"ship"	"used_for_transportation"
"5785"	"ship"	"used_on_water"
"5833"	"shovel"	"a_tool"
"5834"	"shovel"	"has_a_handle"
"5835"	"shovel"	"has_a_long_handle"
"5836"	"shovel"	"has_a_metal_end"
"5837"	"shovel"	"has_a_wooden_handle"
"5838"	"shovel"	"has_an_end"
"5839"	"shovel"	"made_of_metal"
"5840"	"shovel"	"used_for_digging"
"5841"	"shovel"	"used_for_digging_holes"
"5842"	"shovel"	"used_for_gardening"
"5843"	"shovel"	"used_for_moving_snow"
"5844"	"shovel"	"used_for_removing"
"5845"	"shovel"	"used_for_removing_snow"
"5846"	"shovel"	"used_for_scooping"
"5847"	"shovel"	"used_with_dirt"
"5982"	"slingshot"	"a_toy"
"5983"	"slingshot"	"a_weapon"
"5984"	"slingshot"	"has_a_Y_shaped_part"
"5985"	"slingshot"	"has_elastic"
"5986"	"slingshot"	"is_dangerous"
"5987"	"slingshot"	"made_of_wood"
"5988"	"slingshot"	"used_by_boys"
"5989"	"slingshot"	"used_by_children"
"5990"	"slingshot"	"used_by_David_on_Goliath"
"5991"	"slingshot"	"used_for_hunting"
"5992"	"slingshot"	"used_for_hunting_small_game"
"5993"	"slingshot"	"used_for_killing"
"5994"	"slingshot"	"used_for_shooting"
"5995"	"slingshot"	"used_for_throwing"
"5996"	"slingshot"	"used_for_throwing_stones"
"5997"	"slippers"	"a_footwear"
"5998"	"slippers"	"clothing"
"5999"	"slippers"	"comes_in_pairs"
"6000"	"slippers"	"is_comfortable"
"6001"	"slippers"	"is_fuzzy/fluffy"
"6002"	"slippers"	"is_soft"
"6003"	"slippers"	"made_of_leather"
"6004"	"slippers"	"used_for_chewing_by_dogs"
"6005"	"slippers"	"worn_for_keeping_feet_warm"
"6006"	"slippers"	"worn_for_warmth"
"6007"	"slippers"	"worn_in_houses"
"6008"	"slippers"	"worn_indoors"
"6009"	"slippers"	"worn_on_feet"
"6084"	"spear"	"a_weapon"
"6085"	"spear"	"has_a_handle"
"6086"	"spear"	"has_a_head"
"6087"	"spear"	"has_a_pointed_end"
"6088"	"spear"	"has_a_wooden_handle"
"6089"	"spear"	"is_dangerous"
"6090"	"spear"	"is_long"
"6091"	"spear"	"is_primitive"
"6092"	"spear"	"is_sharp"
"6093"	"spear"	"is_thin"
"6094"	"spear"	"made_of_wood"
"6095"	"spear"	"used_by_throwing"
"6096"	"spear"	"used_for_fishing"
"6097"	"spear"	"used_for_hunting"
"6098"	"spear"	"used_for_killing"
"6306"	"subway"	"a_train"
"6307"	"subway"	"found_in_cities"
"6308"	"subway"	"found_in_large_cities"
"6309"	"subway"	"has_graffiti"
"6310"	"subway"	"is_crowded"
"6311"	"subway"	"is_dirty"
"6312"	"subway"	"is_efficient"
"6313"	"subway"	"is_electrical"
"6314"	"subway"	"is_fast"
"6315"	"subway"	"is_loud"
"6316"	"subway"	"is_underground"
"6317"	"subway"	"like_a_train"
"6318"	"subway"	"used_for_passengers"
"6319"	"subway"	"used_for_transportation"
"6378"	"sword"	"a_weapon"
"6379"	"sword"	"has_a_blade"
"6380"	"sword"	"has_a_handle"
"6381"	"sword"	"has_a_long_blade"
"6382"	"sword"	"has_a_pointed_end"
"6383"	"sword"	"has_a_sheath"
"6384"	"sword"	"is_dangerous"
"6385"	"sword"	"is_long"
"6386"	"sword"	"is_sharp"
"6387"	"sword"	"is_shiny"
"6388"	"sword"	"made_of_metal"
"6389"	"sword"	"made_of_steel"
"6390"	"sword"	"symbol"
"6391"	"sword"	"used_by_knights"
"6392"	"sword"	"used_for_cutting"
"6393"	"sword"	"used_for_war"
"6533"	"tie"	"clothing"
"6534"	"tie"	"different_colours"
"6535"	"tie"	"eg_-_bow"
"6536"	"tie"	"has_a_knot"
"6537"	"tie"	"has_patterns"
"6538"	"tie"	"is_businesslike"
"6539"	"tie"	"is_formal"
"6540"	"tie"	"is_long"
"6541"	"tie"	"is_thin"
"6542"	"tie"	"made_of_material"
"6543"	"tie"	"made_of_silk"
"6544"	"tie"	"worn_around_neck"
"6545"	"tie"	"worn_by_men"
"6546"	"tie"	"worn_with_suits"
"6594"	"toaster"	"an_appliance"
"6595"	"toaster"	"found_in_kitchens"
"6596"	"toaster"	"has_a_plug"
"6597"	"toaster"	"has_elements"
"6598"	"toaster"	"inbeh_-_gets_hot"
"6599"	"toaster"	"inbeh_-_pops_up"
"6600"	"toaster"	"is_electrical"
"6601"	"toaster"	"is_hot"
"6602"	"toaster"	"made_of_metal"
"6603"	"toaster"	"used_for_breakfast"
"6604"	"toaster"	"used_for_browning_bread"
"6605"	"toaster"	"used_for_burning_bread"
"6606"	"toaster"	"used_for_cooking"
"6607"	"toaster"	"used_for_cooking_bread"
"6616"	"tomahawk"	"a_tool"
"6617"	"tomahawk"	"a_weapon"
"6618"	"tomahawk"	"an_axe"
"6619"	"tomahawk"	"has_a_blade"
"6620"	"tomahawk"	"has_a_handle"
"6621"	"tomahawk"	"has_a_stone_blade"
"6622"	"tomahawk"	"has_a_wooden_handle"
"6623"	"tomahawk"	"is_adorned_with_feathers"
"6624"	"tomahawk"	"is_sharp"
"6625"	"tomahawk"	"made_of_wood"
"6626"	"tomahawk"	"used_by_Indians"
"6627"	"tomahawk"	"used_by_throwing"
"6628"	"tomahawk"	"used_for_scalping"
"6629"	"tomahawk"	"used_for_war"
"6802"	"truck"	"a_vehicle"
"6803"	"truck"	"eg_-_dump"
"6804"	"truck"	"has_>_4_wheels"
"6805"	"truck"	"has_18_wheels"
"6806"	"truck"	"has_4_wheels"
"6807"	"truck"	"has_an_engine"
"6808"	"truck"	"has_wheels"
"6809"	"truck"	"is_heavy"
"6810"	"truck"	"is_large"
"6811"	"truck"	"requires_drivers"
"6812"	"truck"	"requires_gasoline"
"6813"	"truck"	"used_for_cargo"
"6814"	"truck"	"used_for_transportation"
"6855"	"turkey"	"a_bird"
"6856"	"turkey"	"a_poultry"
"6857"	"turkey"	"an_animal"
"6858"	"turkey"	"beh_-_cannot_fly"
"6859"	"turkey"	"beh_-_eats"
"6860"	"turkey"	"beh_-_gobbles"
"6861"	"turkey"	"eaten_as_meat"
"6862"	"turkey"	"eaten_at_Christmas"
"6863"	"turkey"	"eaten_at_Thanksgiving"
"6864"	"turkey"	"eaten_by_stuffing"
"6865"	"turkey"	"eaten_with_gravy"
"6866"	"turkey"	"eaten_with_stuffing"
"6867"	"turkey"	"has_feathers"
"6868"	"turkey"	"has_wings"
"6869"	"turkey"	"is_domestic"
"6870"	"turkey"	"is_edible"
"6871"	"turkey"	"is_large"
"6872"	"turkey"	"lives_on_farms"
"6943"	"van"	"a_truck"
"6944"	"van"	"a_vehicle"
"6945"	"van"	"has_4_wheels"
"6946"	"van"	"has_an_engine"
"6947"	"van"	"has_doors"
"6948"	"van"	"has_sliding_doors"
"6949"	"van"	"has_wheels"
"6950"	"van"	"is_box_shaped"
"6951"	"van"	"is_large"
"6952"	"van"	"is_spacious"
"6953"	"van"	"requires_gasoline"
"6954"	"van"	"used_for_cargo"
"6955"	"van"	"used_for_moving_things"
"6956"	"van"	"used_for_passengers"
"6957"	"van"	"used_for_transportation"
"7015"	"wagon"	"a_toy"
"7016"	"wagon"	"has_4_wheels"
"7017"	"wagon"	"has_a_covering"
"7018"	"wagon"	"has_a_handle"
"7019"	"wagon"	"has_wheels"
"7020"	"wagon"	"is_red"
"7021"	"wagon"	"made_of_metal"
"7022"	"wagon"	"made_of_wood"
"7023"	"wagon"	"used_by_children"
"7024"	"wagon"	"used_by_pulling"
"7025"	"wagon"	"used_by_pulling_by_horses"
"7026"	"wagon"	"used_for_cargo"
"7027"	"wagon"	"used_for_transportation"
"7028"	"wagon"	"used_in_the_wild_west"
"7094"	"whale"	"a_mammal"
"7095"	"whale"	"an_animal"
"7096"	"whale"	"beh_-_breathes"
"7097"	"whale"	"beh_-_eats"
"7098"	"whale"	"beh_-_spouts_water"
"7099"	"whale"	"beh_-_swims"
"7100"	"whale"	"has_blubber"
"7101"	"whale"	"hunted_by_people"
"7102"	"whale"	"is_endangered"
"7103"	"whale"	"is_large"
"7104"	"whale"	"lives_in_oceans"
"7105"	"whale"	"lives_in_water"
"7208"	"yacht"	"a_boat"
"7209"	"yacht"	"has_an_engine"
"7210"	"yacht"	"has_sails"
"7211"	"yacht"	"is_expensive"
"7212"	"yacht"	"is_large"
"7213"	"yacht"	"is_luxurious"
"7214"	"yacht"	"requires_crews"
"7215"	"yacht"	"used_by_rich_people"
"7216"	"yacht"	"used_for_cruising"
"7217"	"yacht"	"used_for_recreation"
"7218"	"yacht"	"used_for_sailing"
"7219"	"yacht"	"used_for_transportation"
"7220"	"yacht"	"used_on_oceans"
"7221"	"yacht"	"used_on_water"
